,Dendritic_cells,CD14+_Monocytes,B_cells_1,CD8_T_cells,NK_cells,B_cells_2,FCGR3A+_Monocytes,CD4_T_cells
tfdimers__MD00138,0,0,970.0,0,0,0,0,0
transfac_pro__M04722,0,1995.0,1142.0,0,0,1090.0,0,0
homer__NNCACCTGCN_E2A,0,0,2488.0,0,0,2685.0,0,3676.0
metacluster_176.2,0,0,1551.0,0,0,0,0,2411.0
swissregulon__mm__Snai1,0,0,2774.0,0,0,2963.0,0,4204.0
tfdimers__MD00334,0,0,540.0,0,0,0,0,0
homer__VCAGGTRDRY_ZEB1,0,0,1737.0,0,0,0,0,2810.0
tfdimers__MD00026,0,2710.0,1266.0,0,0,1219.0,2645.0,0
metacluster_176.1,0,0,1900.0,0,0,2080.0,0,0
dbtfbs__TCF12_representative_N1,0,0,3469.0,0,0,4154.0,0,0
dbtfbs__ZNF423_HEK293_ENCSR477OJI_merged_N1,0,0,1026.0,0,0,0,0,0
tfdimers__MD00077,0,0,782.0,0,0,0,0,0
metacluster_167.7,0,6800.0,2809.0,0,0,2974.0,0,0
tfdimers__MD00215,0,4716.0,1829.0,0,0,0,4578.0,0
metacluster_177.4,0,0,2580.0,0,0,3125.0,0,0
tfdimers__MD00026,0,2710.0,1266.0,0,0,1219.0,2645.0,0
transfac_pro__M04722,0,1995.0,1142.0,0,0,1090.0,0,0
tfdimers__MD00424,0,0,0,0,0,1011.0,0,0
homer__NNCACCTGCN_E2A,0,0,2488.0,0,0,2685.0,0,3676.0
swissregulon__mm__Snai1,0,0,2774.0,0,0,2963.0,0,4204.0
tfdimers__MD00015,0,0,0,0,0,2358.0,0,0
tfdimers__MD00007,0,0,0,0,0,821.0,0,0
metacluster_2.6,0,0,0,0,0,2163.0,0,0
dbtfbs__TCF12_representative_N1,0,0,3469.0,0,0,4154.0,0,0
metacluster_176.1,0,0,1900.0,0,0,2080.0,0,0
metacluster_177.7,0,0,0,0,0,1892.0,0,0
transfac_pro__M09767,0,0,0,0,0,2289.0,0,0
metacluster_2.7,0,0,0,0,0,2182.0,0,0
tfdimers__MD00093,0,0,0,0,0,1102.0,0,0
swissregulon__mm__Nhlh1,0,0,0,0,0,1624.0,0,0
transfac_public__M00277,0,0,0,0,0,3140.0,0,0
metacluster_177.4,0,0,2580.0,0,0,3125.0,0,0
homer__NAACAGCTGG_Tcf21,0,0,0,0,0,2215.0,0,0
tfdimers__MD00197,2627.0,0,0,0,0,1114.0,0,0
metacluster_149.1,0,0,0,0,0,3282.0,0,0
tfdimers__MD00574,0,0,0,0,0,878.0,0,0
metacluster_167.7,0,6800.0,2809.0,0,0,2974.0,0,0
tfdimers__MD00105,0,0,0,0,0,1619.0,0,0
taipale_tf_pairs__TEAD4_SPIB_RGAATGCGGAAGTN_CAP_1,2283.0,2558.0,0,0,0,0,2476.0,0
taipale_tf_pairs__TEAD4_SPIB_RGAATGCGGAAGTN_CAP_2,1344.0,1509.0,0,0,0,0,1466.0,0
metacluster_22.12,0,1684.0,0,0,0,0,0,0
dbtfbs__HLF_HepG2_ENCSR528PSI_merged_N1,0,1578.0,0,0,0,0,1539.0,0
metacluster_22.29,0,1731.0,0,0,0,0,0,0
homer__ATTGCGCAAC_CEBP,2469.0,3369.0,0,0,0,0,3256.0,0
tfdimers__MD00097,3568.0,4058.0,0,0,0,0,3967.0,0
metacluster_22.28,0,1811.0,0,0,0,0,0,0
metacluster_22.25,0,1997.0,0,0,0,0,0,0
tfdimers__MD00581,2851.0,3150.0,0,0,0,0,3063.0,0
tfdimers__MD00029,2398.0,2681.0,0,0,0,0,2595.0,0
tfdimers__MD00301,0,2279.0,0,0,0,0,2218.0,0
tfdimers__MD00342,0,2053.0,0,0,0,0,0,0
metacluster_22.32,1392.0,1868.0,0,0,0,0,0,0
taipale_tf_pairs__TEAD4_CEBPD_RGWATGYNNTTRCGYAAN_CAP,0,621.0,0,0,0,0,602.0,0
metacluster_46.5,0,1779.0,0,0,0,0,1731.0,0
tfdimers__MD00131,3211.0,3600.0,0,0,0,0,3506.0,0
taipale_tf_pairs__TEAD4_ELF1_GGAATGCGGAAGTN_CAP_repr,1188.0,1363.0,0,0,0,0,1326.0,0
transfac_pro__M04761,0,2807.0,0,0,0,0,2715.0,0
swissregulon__hs__CEBPB,0,3300.0,0,0,0,0,0,0
tfdimers__MD00012,5860.0,6658.0,0,0,0,0,6462.0,0
metacluster_46.4,2847.0,3930.0,0,0,0,0,3791.0,0
tfdimers__MD00018,4829.0,5494.0,0,0,0,0,5385.0,0
transfac_pro__M04829,0,2390.0,0,0,0,0,0,0
tfdimers__MD00489,2033.0,2257.0,0,0,0,0,2217.0,0
metacluster_22.19,0,2580.0,0,0,0,0,0,0
tfdimers__MD00174,0,3477.0,0,0,0,0,3394.0,0
metacluster_22.21,0,2251.0,0,0,0,0,0,0
tfdimers__MD00026,0,2710.0,1266.0,0,0,1219.0,2645.0,0
tfdimers__MD00089,4613.0,5272.0,0,0,0,0,5154.0,0
tfdimers__MD00299,0,2802.0,0,0,0,0,2730.0,0
transfac_pro__M05469,0,1163.0,0,0,0,0,0,0
metacluster_156.2,0,2249.0,0,0,0,0,2171.0,0
tfdimers__MD00488,3132.0,3622.0,0,0,0,0,3524.0,0
tfdimers__MD00515,0,1962.0,0,0,0,0,1906.0,0
tfdimers__MD00232,0,1109.0,0,0,0,0,0,0
metacluster_167.5,9466.0,10788.0,0,0,0,0,10460.0,0
tfdimers__MD00044,4697.0,5300.0,0,0,0,0,5177.0,0
tfdimers__MD00217,2504.0,2864.0,0,0,0,0,0,0
tfdimers__MD00215,0,4716.0,1829.0,0,0,0,4578.0,0
tfdimers__MD00545,1753.0,1967.0,0,0,0,0,0,0
metacluster_22.36,2507.0,3253.0,0,0,0,0,0,0
transfac_pro__M06705,0,1665.0,0,0,0,0,0,0
metacluster_22.30,0,2957.0,0,0,0,0,0,0
tfdimers__MD00208,0,2275.0,0,0,0,0,0,0
taipale_tf_pairs__ELF2_NATGCGGAAGTR_HT,0,1495.0,0,0,0,0,0,0
tfdimers__MD00235,0,4344.0,0,0,0,0,4228.0,0
tfdimers__MD00036,0,2378.0,0,0,0,0,2305.0,0
tfdimers__MD00186,2375.0,2659.0,0,0,0,0,2600.0,0
tfdimers__MD00571,2062.0,2321.0,0,0,0,0,2295.0,0
tfdimers__MD00051,3157.0,3599.0,0,0,0,0,0,0
cisbp__M01815,0,3815.0,0,0,0,0,0,0
taipale_tf_pairs__ETV2_CEBPD_RSCGGANNTTGCGYAAN_CAP_repr,0,1170.0,0,0,0,0,1130.0,0
taipale_tf_pairs__TEAD4_ELF1_RGAATGCGGAAGTR_CAP,0,1483.0,0,0,0,0,1437.0,0
tfdimers__MD00204,5222.0,5988.0,0,0,0,0,5772.0,0
tfdimers__MD00518,0,2602.0,0,0,0,0,0,0
kznf__ZNF200_Najafabadi2015_ChIP-seq,0,10637.0,0,0,0,0,0,0
metacluster_22.37,0,3583.0,0,0,0,0,0,0
tfdimers__MD00196,0,3848.0,0,0,0,0,0,0
transfac_pro__M04840,0,4419.0,0,0,0,0,0,0
tfdimers__MD00145,3623.0,4132.0,0,0,0,0,4019.0,0
tfdimers__MD00177,0,4428.0,0,0,0,0,4324.0,0
tfdimers__MD00396,0,5010.0,0,0,0,0,4873.0,0
transfac_pro__M06008,0,1386.0,0,0,0,0,0,0
metacluster_167.7,0,6800.0,2809.0,0,0,2974.0,0,0
transfac_pro__M04722,0,1995.0,1142.0,0,0,1090.0,0,0
swissregulon__mm__Cebpe,0,2862.0,0,0,0,0,2768.0,0
tfdimers__MD00230,0,2886.0,0,0,0,0,0,0
metacluster_156.3,0,1522.0,0,0,0,0,1467.0,0
tfdimers__MD00519,0,1531.0,0,0,0,0,0,0
tfdimers__MD00516,0,1421.0,0,0,0,0,0,0
tfdimers__MD00394,0,1296.0,0,0,0,0,0,0
tfdimers__MD00276,0,2399.0,0,0,0,0,0,0
kznf__ZBTB14_Schmitges2016_RCADE,0,0,0,0,0,0,0,651.0
metacluster_144.8,0,0,0,0,0,0,0,298.0
hocomoco__KLF13_HUMAN.H11MO.0.D,0,0,0,0,0,0,0,1027.0
kznf__ZNF311_Imbeault2017_OM_MEME,0,0,0,0,0,0,0,859.0
transfac_pro__M05479,0,0,0,0,0,0,0,655.0
jaspar__MA0535.1,0,0,0,0,0,0,0,562.0
metacluster_126.3,0,0,0,0,0,0,0,255.0
hocomoco__ZBT14_HUMAN.H11MO.0.C,0,0,0,0,0,0,0,759.0
metacluster_55.3,0,0,0,0,0,0,0,530.0
transfac_pro__M04883,0,0,0,0,0,0,0,1407.0
jaspar__MA1721.1,0,0,0,0,0,0,0,954.0
kznf__ZNF213_Schmitges2016_RCADE,0,0,0,0,0,0,0,727.0
cisbp__M07938,0,0,0,0,0,0,0,1056.0
kznf__ZNF846_Imbeault2017_OM_MEME,0,0,0,0,0,0,0,1307.0
kznf__ZNF571_Imbeault2017_OM_RCADE,0,0,0,0,0,0,0,1050.0
kznf__ZFP57_Imbeault2017_RP_ChIP-seq,0,0,0,0,0,0,0,682.0
transfac_pro__M07235,0,0,0,0,0,0,0,1984.0
transfac_pro__M04950,0,0,0,0,0,0,0,557.0
tfdimers__MD00483,0,0,0,0,0,0,0,480.0
transfac_pro__M04866,0,0,0,0,0,0,0,594.0
metacluster_144.9,0,0,0,0,0,0,0,346.0
taipale_cyt_meth__E2F2_NCGCGCGCGCM_eDBD_meth,0,0,0,0,0,0,0,782.0
jaspar__MA1650.1,0,0,0,0,0,0,0,594.0
kznf__ZNF783_Imbeault2017_OM_MEME,0,0,0,0,0,0,0,734.0
kznf__KLF1_Barrera2016.2_PBM,0,0,0,0,0,0,0,1642.0
homer__VCAGGTRDRY_ZEB1,0,0,1737.0,0,0,0,0,2810.0
kznf__ZNF441_Imbeault2017_RP_RCADE,0,0,0,0,0,0,0,1140.0
metacluster_67.2,0,0,0,0,0,0,0,262.0
transfac_pro__M00938,0,0,0,0,0,0,0,412.0
kznf__ZNF610_Imbeault2017_OM_RCADE,0,0,0,0,0,0,0,599.0
kznf__ZNF548_Imbeault2017_RP_RCADE,0,0,0,0,0,0,0,1805.0
swissregulon__hs__ZBTB14,0,0,0,0,0,0,0,485.0
metacluster_151.2,0,0,0,0,0,0,0,386.0
kznf__ZNF100_Imbeault2017_RP_RCADE,0,0,0,0,0,0,0,876.0
swissregulon__hs__AHR,0,0,0,0,0,0,0,1114.0
transfac_pro__M01253,0,0,0,0,0,0,0,671.0
kznf__ZNF202_Imbeault2017_OM_MEME,0,0,0,0,0,0,0,1757.0
transfac_pro__M05962,0,0,0,0,0,0,0,536.0
metacluster_144.5,0,0,0,0,0,0,0,622.0
metacluster_144.3,0,0,0,0,0,0,0,105.0
transfac_pro__M04845,0,0,0,0,0,0,0,847.0
metacluster_15.3,0,0,0,0,0,0,0,987.0
taipale_cyt_meth__KLF12_NGCCGACGCCCW_FL_meth_repr,0,0,0,0,0,0,0,340.0
cisbp__M05844,0,0,0,0,0,0,0,3466.0
transfac_pro__M04794,0,0,0,0,0,0,0,622.0
transfac_pro__M05578,0,0,0,0,0,0,0,525.0
metacluster_195.2,0,0,0,0,0,0,0,1920.0
metacluster_198.7,0,0,0,0,0,0,0,229.0
metacluster_197.3,0,0,0,0,0,0,0,432.0
transfac_pro__M00803,0,0,0,0,0,0,0,549.0
jaspar__MA1122.1,0,0,0,0,0,0,0,795.0
transfac_pro__M04817,0,0,0,0,0,0,0,605.0
swissregulon__mm__Snai1,0,0,2774.0,0,0,2963.0,0,4204.0
idmmpmm__Mad,0,0,0,0,0,0,0,923.0
homer__NNCACCTGCN_E2A,0,0,2488.0,0,0,2685.0,0,3676.0
metacluster_176.2,0,0,1551.0,0,0,0,0,2411.0
metacluster_15.1,0,0,0,0,0,0,0,998.0
kznf__ZNF90_Imbeault2017_OM_RCADE,0,0,0,0,0,0,0,2676.0
metacluster_170.2,0,0,0,0,0,0,0,2593.0
dbtfbs__ARNT_GM12878_ENCSR590KEQ_merged_N1,0,0,0,0,0,0,0,898.0
transfac_pro__M12697,0,0,0,0,0,0,0,642.0
transfac_pro__M07483,0,0,0,0,0,0,0,420.0
dbtfbs__E2F8_representative_N1,0,0,0,0,0,0,0,1735.0
kznf__ZNF2_Imbeault2017_OM_RCADE,0,0,0,0,0,0,0,1249.0
metacluster_67.6,0,0,0,0,0,0,0,487.0
transfac_pro__M02913,0,0,0,0,0,0,0,195.0
metacluster_198.5,0,0,0,0,0,0,0,440.0
metacluster_170.1,0,0,0,0,0,0,0,2325.0
metacluster_135.10,0,0,0,0,0,0,0,478.0
metacluster_72.9,0,0,0,0,0,0,0,94.0
swissregulon__hs__CHD1,0,0,0,0,0,0,0,1981.0
transfac_pro__M07310,0,0,0,0,0,0,0,926.0
transfac_pro__M02089,0,0,0,0,0,0,0,903.0
kznf__CTCF_Transfac.8_Transfac,0,0,0,0,0,0,0,1068.0
metacluster_147.6,0,0,0,421.0,402.0,0,0,0
metacluster_158.1,0,0,0,258.0,0,0,0,0
metacluster_147.2,0,0,0,452.0,434.0,0,0,0
cisbp__M00832,0,0,0,1299.0,1252.0,0,0,0
taipale_tf_pairs__ALX4_TBX21_RGGTGYTAATWR_CAP,0,0,0,390.0,0,0,0,0
taipale_tf_pairs__ERF_EOMES_TNTCACACCGGAAAT_CAP,0,0,0,699.0,0,0,0,0
taipale_tf_pairs__ELK1_EOMES_TNRCACCGGAAGN_CAP,0,0,0,636.0,0,0,0,0
metacluster_158.5,0,0,0,1140.0,1082.0,0,0,0
metacluster_147.3,0,0,0,491.0,475.0,0,0,0
homer__ATCACCCCAT_Srebp1a,0,0,0,498.0,470.0,0,0,0
metacluster_147.1,0,0,0,1148.0,1105.0,0,0,0
metacluster_158.3,0,0,0,1095.0,0,0,0,0
metacluster_8.3,0,0,0,1799.0,1655.0,0,0,0
swissregulon__hs__RUNX2,0,0,0,1204.0,1121.0,0,0,0
taipale_tf_pairs__HOXB13_TBX21_ARGTGTKANTTTATNN_CAP,0,0,0,571.0,0,0,0,0
transfac_pro__M08831,0,0,0,1598.0,0,0,0,0
taipale_tf_pairs__TEAD4_SPIB_RGAATGCGGAAGTN_CAP_1,2283.0,2558.0,0,0,0,0,2476.0,0
tfdimers__MD00581,2851.0,3150.0,0,0,0,0,3063.0,0
taipale_tf_pairs__TEAD4_SPIB_RGAATGCGGAAGTN_CAP_2,1344.0,1509.0,0,0,0,0,1466.0,0
metacluster_22.32,1392.0,1868.0,0,0,0,0,0,0
tfdimers__MD00029,2398.0,2681.0,0,0,0,0,2595.0,0
tfdimers__MD00097,3568.0,4058.0,0,0,0,0,3967.0,0
tfdimers__MD00012,5860.0,6658.0,0,0,0,0,6462.0,0
homer__ATTGCGCAAC_CEBP,2469.0,3369.0,0,0,0,0,3256.0,0
tfdimers__MD00571,2062.0,2321.0,0,0,0,0,2295.0,0
tfdimers__MD00489,2033.0,2257.0,0,0,0,0,2217.0,0
taipale_tf_pairs__TEAD4_ELK1_RGAATSCGGAAGYN_CAP_repr,1087.0,0,0,0,0,0,1241.0,0
taipale_tf_pairs__TEAD4_ELF1_GGAATGCGGAAGTN_CAP_repr,1188.0,1363.0,0,0,0,0,1326.0,0
tfdimers__MD00051,3157.0,3599.0,0,0,0,0,0,0
tfdimers__MD00186,2375.0,2659.0,0,0,0,0,2600.0,0
tfdimers__MD00488,3132.0,3622.0,0,0,0,0,3524.0,0
metacluster_167.5,9466.0,10788.0,0,0,0,0,10460.0,0
tfdimers__MD00217,2504.0,2864.0,0,0,0,0,0,0
tfdimers__MD00089,4613.0,5272.0,0,0,0,0,5154.0,0
tfdimers__MD00398,4293.0,0,0,0,0,0,0,0
metacluster_22.36,2507.0,3253.0,0,0,0,0,0,0
tfdimers__MD00131,3211.0,3600.0,0,0,0,0,3506.0,0
tfdimers__MD00376,1712.0,0,0,0,0,0,1911.0,0
tfdimers__MD00545,1753.0,1967.0,0,0,0,0,0,0
tfdimers__MD00197,2627.0,0,0,0,0,1114.0,0,0
tfdimers__MD00480,3795.0,0,0,0,0,0,0,0
metacluster_46.4,2847.0,3930.0,0,0,0,0,3791.0,0
tfdimers__MD00204,5222.0,5988.0,0,0,0,0,5772.0,0
tfdimers__MD00018,4829.0,5494.0,0,0,0,0,5385.0,0
tfdimers__MD00044,4697.0,5300.0,0,0,0,0,5177.0,0
metacluster_22.34,2867.0,0,0,0,0,0,0,0
tfdimers__MD00145,3623.0,4132.0,0,0,0,0,4019.0,0
kznf__ZNF695_Imbeault2017_OM_MEME,7037.0,0,0,0,0,0,0,0
taipale_tf_pairs__TEAD4_CEBPD_RGWATGYNNTTRCGYAAN_CAP,0,621.0,0,0,0,0,602.0,0
taipale_tf_pairs__TEAD4_SPIB_RGAATGCGGAAGTN_CAP_1,2283.0,2558.0,0,0,0,0,2476.0,0
taipale_tf_pairs__TEAD4_SPIB_RGAATGCGGAAGTN_CAP_2,1344.0,1509.0,0,0,0,0,1466.0,0
tfdimers__MD00488,3132.0,3622.0,0,0,0,0,3524.0,0
tfdimers__MD00581,2851.0,3150.0,0,0,0,0,3063.0,0
tfdimers__MD00301,0,2279.0,0,0,0,0,2218.0,0
tfdimers__MD00299,0,2802.0,0,0,0,0,2730.0,0
dbtfbs__HLF_HepG2_ENCSR528PSI_merged_N1,0,1578.0,0,0,0,0,1539.0,0
taipale_tf_pairs__ETV2_CEBPD_RSCGGANNTTGCGYAAN_CAP_repr,0,1170.0,0,0,0,0,1130.0,0
tfdimers__MD00174,0,3477.0,0,0,0,0,3394.0,0
taipale_tf_pairs__TEAD4_ELF1_GGAATGCGGAAGTN_CAP_repr,1188.0,1363.0,0,0,0,0,1326.0,0
tfdimers__MD00131,3211.0,3600.0,0,0,0,0,3506.0,0
taipale_tf_pairs__TEAD4_ELF1_RGAATGCGGAAGTR_CAP,0,1483.0,0,0,0,0,1437.0,0
tfdimers__MD00012,5860.0,6658.0,0,0,0,0,6462.0,0
metacluster_46.5,0,1779.0,0,0,0,0,1731.0,0
homer__ATTGCGCAAC_CEBP,2469.0,3369.0,0,0,0,0,3256.0,0
tfdimers__MD00044,4697.0,5300.0,0,0,0,0,5177.0,0
tfdimers__MD00097,3568.0,4058.0,0,0,0,0,3967.0,0
tfdimers__MD00420,0,0,0,0,0,0,4022.0,0
jaspar__MA1633.2,0,0,0,0,0,0,3201.0,0
tfdimers__MD00018,4829.0,5494.0,0,0,0,0,5385.0,0
tfdimers__MD00089,4613.0,5272.0,0,0,0,0,5154.0,0
tfdimers__MD00376,1712.0,0,0,0,0,0,1911.0,0
tfdimers__MD00177,0,4428.0,0,0,0,0,4324.0,0
tfdimers__MD00571,2062.0,2321.0,0,0,0,0,2295.0,0
tfdimers__MD00466,0,0,0,0,0,0,2651.0,0
tfdimers__MD00186,2375.0,2659.0,0,0,0,0,2600.0,0
tfdimers__MD00566,0,0,0,0,0,0,1879.0,0
metacluster_46.4,2847.0,3930.0,0,0,0,0,3791.0,0
tfdimers__MD00396,0,5010.0,0,0,0,0,4873.0,0
tfdimers__MD00525,0,0,0,0,0,0,3534.0,0
taipale_tf_pairs__TEAD4_ELK1_RGAATSCGGAAGYN_CAP_repr,1087.0,0,0,0,0,0,1241.0,0
tfdimers__MD00240,0,0,0,0,0,0,4446.0,0
tfdimers__MD00489,2033.0,2257.0,0,0,0,0,2217.0,0
tfdimers__MD00029,2398.0,2681.0,0,0,0,0,2595.0,0
tfdimers__MD00204,5222.0,5988.0,0,0,0,0,5772.0,0
tfdimers__MD00215,0,4716.0,1829.0,0,0,0,4578.0,0
tfdimers__MD00515,0,1962.0,0,0,0,0,1906.0,0
metacluster_167.5,9466.0,10788.0,0,0,0,0,10460.0,0
tfdimers__MD00161,0,0,0,0,0,0,1556.0,0
metacluster_156.2,0,2249.0,0,0,0,0,2171.0,0
metacluster_156.3,0,1522.0,0,0,0,0,1467.0,0
tfdimers__MD00145,3623.0,4132.0,0,0,0,0,4019.0,0
tfdimers__MD00235,0,4344.0,0,0,0,0,4228.0,0
swissregulon__mm__Cebpe,0,2862.0,0,0,0,0,2768.0,0
tfdimers__MD00026,0,2710.0,1266.0,0,0,1219.0,2645.0,0
transfac_pro__M04761,0,2807.0,0,0,0,0,2715.0,0
tfdimers__MD00036,0,2378.0,0,0,0,0,2305.0,0
metacluster_147.3,0,0,0,491.0,475.0,0,0,0
metacluster_147.6,0,0,0,421.0,402.0,0,0,0
cisbp__M00832,0,0,0,1299.0,1252.0,0,0,0
metacluster_147.2,0,0,0,452.0,434.0,0,0,0
metacluster_147.1,0,0,0,1148.0,1105.0,0,0,0
taipale_tf_pairs__MGA_DLX3_YNATTANRGGTGTGAN_CAP_repr,0,0,0,0,360.0,0,0,0
metacluster_158.5,0,0,0,1140.0,1082.0,0,0,0
swissregulon__hs__RUNX2,0,0,0,1204.0,1121.0,0,0,0
kznf__ZNF223_Imbeault2017_RP_ChIP-seq,0,0,0,0,1041.0,0,0,0
metacluster_8.3,0,0,0,1799.0,1655.0,0,0,0
homer__ATTAACACCT_Eomes,0,0,0,0,1163.0,0,0,0
homer__ATCACCCCAT_Srebp1a,0,0,0,498.0,470.0,0,0,0
